record_type,algorithm,step,event,row,col,parent_row,parent_col,g,f,frontier_size,maze_rows,maze_cols,cell_value,start_row,start_col,end_row,end_col
META,DFS,,,,,,,,,,20,40,,1,2,15,25
CELL,DFS,,,0,0,,,,,,,,X,,,,
CELL,DFS,,,0,1,,,,,,,,.,,,,
CELL,DFS,,,0,2,,,,,,,,X,,,,
CELL,DFS,,,0,3,,,,,,,,.,,,,
CELL,DFS,,,0,4,,,,,,,,.,,,,
CELL,DFS,,,0,5,,,,,,,,.,,,,
CELL,DFS,,,0,6,,,,,,,,X,,,,
CELL,DFS,,,0,7,,,,,,,,.,,,,
CELL,DFS,,,0,8,,,,,,,,X,,,,
CELL,DFS,,,0,9,,,,,,,,X,,,,
CELL,DFS,,,0,10,,,,,,,,.,,,,
CELL,DFS,,,0,11,,,,,,,,.,,,,
CELL,DFS,,,0,12,,,,,,,,X,,,,
CELL,DFS,,,0,13,,,,,,,,.,,,,
CELL,DFS,,,0,14,,,,,,,,.,,,,
CELL,DFS,,,0,15,,,,,,,,.,,,,
CELL,DFS,,,0,16,,,,,,,,X,,,,
CELL,DFS,,,0,17,,,,,,,,.,,,,
CELL,DFS,,,0,18,,,,,,,,X,,,,
CELL,DFS,,,0,19,,,,,,,,.,,,,
CELL,DFS,,,0,20,,,,,,,,X,,,,
CELL,DFS,,,0,21,,,,,,,,.,,,,
CELL,DFS,,,0,22,,,,,,,,.,,,,
CELL,DFS,,,0,23,,,,,,,,.,,,,
CELL,DFS,,,0,24,,,,,,,,.,,,,
CELL,DFS,,,0,25,,,,,,,,.,,,,
CELL,DFS,,,0,26,,,,,,,,.,,,,
CELL,DFS,,,0,27,,,,,,,,.,,,,
CELL,DFS,,,0,28,,,,,,,,.,,,,
CELL,DFS,,,0,29,,,,,,,,X,,,,
CELL,DFS,,,0,30,,,,,,,,X,,,,
CELL,DFS,,,0,31,,,,,,,,.,,,,
CELL,DFS,,,0,32,,,,,,,,.,,,,
CELL,DFS,,,0,33,,,,,,,,.,,,,
CELL,DFS,,,0,34,,,,,,,,.,,,,
CELL,DFS,,,0,35,,,,,,,,X,,,,
CELL,DFS,,,0,36,,,,,,,,X,,,,
CELL,DFS,,,0,37,,,,,,,,.,,,,
CELL,DFS,,,0,38,,,,,,,,.,,,,
CELL,DFS,,,0,39,,,,,,,,.,,,,
CELL,DFS,,,1,0,,,,,,,,.,,,,
CELL,DFS,,,1,1,,,,,,,,.,,,,
CELL,DFS,,,1,2,,,,,,,,A,,,,
CELL,DFS,,,1,3,,,,,,,,.,,,,
CELL,DFS,,,1,4,,,,,,,,.,,,,
CELL,DFS,,,1,5,,,,,,,,.,,,,
CELL,DFS,,,1,6,,,,,,,,.,,,,
CELL,DFS,,,1,7,,,,,,,,.,,,,
CELL,DFS,,,1,8,,,,,,,,X,,,,
CELL,DFS,,,1,9,,,,,,,,.,,,,
CELL,DFS,,,1,10,,,,,,,,.,,,,
CELL,DFS,,,1,11,,,,,,,,X,,,,
CELL,DFS,,,1,12,,,,,,,,X,,,,
CELL,DFS,,,1,13,,,,,,,,.,,,,
CELL,DFS,,,1,14,,,,,,,,.,,,,
CELL,DFS,,,1,15,,,,,,,,X,,,,
CELL,DFS,,,1,16,,,,,,,,X,,,,
CELL,DFS,,,1,17,,,,,,,,.,,,,
CELL,DFS,,,1,18,,,,,,,,.,,,,
CELL,DFS,,,1,19,,,,,,,,.,,,,
CELL,DFS,,,1,20,,,,,,,,X,,,,
CELL,DFS,,,1,21,,,,,,,,X,,,,
CELL,DFS,,,1,22,,,,,,,,.,,,,
CELL,DFS,,,1,23,,,,,,,,.,,,,
CELL,DFS,,,1,24,,,,,,,,.,,,,
CELL,DFS,,,1,25,,,,,,,,.,,,,
CELL,DFS,,,1,26,,,,,,,,.,,,,
CELL,DFS,,,1,27,,,,,,,,.,,,,
CELL,DFS,,,1,28,,,,,,,,X,,,,
CELL,DFS,,,1,29,,,,,,,,.,,,,
CELL,DFS,,,1,30,,,,,,,,X,,,,
CELL,DFS,,,1,31,,,,,,,,X,,,,
CELL,DFS,,,1,32,,,,,,,,X,,,,
CELL,DFS,,,1,33,,,,,,,,.,,,,
CELL,DFS,,,1,34,,,,,,,,X,,,,
CELL,DFS,,,1,35,,,,,,,,.,,,,
CELL,DFS,,,1,36,,,,,,,,.,,,,
CELL,DFS,,,1,37,,,,,,,,X,,,,
CELL,DFS,,,1,38,,,,,,,,X,,,,
CELL,DFS,,,1,39,,,,,,,,.,,,,
CELL,DFS,,,2,0,,,,,,,,X,,,,
CELL,DFS,,,2,1,,,,,,,,X,,,,
CELL,DFS,,,2,2,,,,,,,,.,,,,
CELL,DFS,,,2,3,,,,,,,,X,,,,
CELL,DFS,,,2,4,,,,,,,,X,,,,
CELL,DFS,,,2,5,,,,,,,,X,,,,
CELL,DFS,,,2,6,,,,,,,,.,,,,
CELL,DFS,,,2,7,,,,,,,,.,,,,
CELL,DFS,,,2,8,,,,,,,,.,,,,
CELL,DFS,,,2,9,,,,,,,,.,,,,
CELL,DFS,,,2,10,,,,,,,,.,,,,
CELL,DFS,,,2,11,,,,,,,,.,,,,
CELL,DFS,,,2,12,,,,,,,,X,,,,
CELL,DFS,,,2,13,,,,,,,,.,,,,
CELL,DFS,,,2,14,,,,,,,,.,,,,
CELL,DFS,,,2,15,,,,,,,,X,,,,
CELL,DFS,,,2,16,,,,,,,,.,,,,
CELL,DFS,,,2,17,,,,,,,,.,,,,
CELL,DFS,,,2,18,,,,,,,,X,,,,
CELL,DFS,,,2,19,,,,,,,,X,,,,
CELL,DFS,,,2,20,,,,,,,,X,,,,
CELL,DFS,,,2,21,,,,,,,,X,,,,
CELL,DFS,,,2,22,,,,,,,,.,,,,
CELL,DFS,,,2,23,,,,,,,,X,,,,
CELL,DFS,,,2,24,,,,,,,,.,,,,
CELL,DFS,,,2,25,,,,,,,,X,,,,
CELL,DFS,,,2,26,,,,,,,,.,,,,
CELL,DFS,,,2,27,,,,,,,,X,,,,
CELL,DFS,,,2,28,,,,,,,,X,,,,
CELL,DFS,,,2,29,,,,,,,,.,,,,
CELL,DFS,,,2,30,,,,,,,,.,,,,
CELL,DFS,,,2,31,,,,,,,,X,,,,
CELL,DFS,,,2,32,,,,,,,,.,,,,
CELL,DFS,,,2,33,,,,,,,,.,,,,
CELL,DFS,,,2,34,,,,,,,,X,,,,
CELL,DFS,,,2,35,,,,,,,,X,,,,
CELL,DFS,,,2,36,,,,,,,,X,,,,
CELL,DFS,,,2,37,,,,,,,,.,,,,
CELL,DFS,,,2,38,,,,,,,,X,,,,
CELL,DFS,,,2,39,,,,,,,,.,,,,
CELL,DFS,,,3,0,,,,,,,,X,,,,
CELL,DFS,,,3,1,,,,,,,,X,,,,
CELL,DFS,,,3,2,,,,,,,,.,,,,
CELL,DFS,,,3,3,,,,,,,,.,,,,
CELL,DFS,,,3,4,,,,,,,,.,,,,
CELL,DFS,,,3,5,,,,,,,,.,,,,
CELL,DFS,,,3,6,,,,,,,,.,,,,
CELL,DFS,,,3,7,,,,,,,,X,,,,
CELL,DFS,,,3,8,,,,,,,,.,,,,
CELL,DFS,,,3,9,,,,,,,,.,,,,
CELL,DFS,,,3,10,,,,,,,,.,,,,
CELL,DFS,,,3,11,,,,,,,,X,,,,
CELL,DFS,,,3,12,,,,,,,,X,,,,
CELL,DFS,,,3,13,,,,,,,,X,,,,
CELL,DFS,,,3,14,,,,,,,,X,,,,
CELL,DFS,,,3,15,,,,,,,,.,,,,
CELL,DFS,,,3,16,,,,,,,,.,,,,
CELL,DFS,,,3,17,,,,,,,,.,,,,
CELL,DFS,,,3,18,,,,,,,,X,,,,
CELL,DFS,,,3,19,,,,,,,,.,,,,
CELL,DFS,,,3,20,,,,,,,,.,,,,
CELL,DFS,,,3,21,,,,,,,,X,,,,
CELL,DFS,,,3,22,,,,,,,,X,,,,
CELL,DFS,,,3,23,,,,,,,,X,,,,
CELL,DFS,,,3,24,,,,,,,,X,,,,
CELL,DFS,,,3,25,,,,,,,,.,,,,
CELL,DFS,,,3,26,,,,,,,,X,,,,
CELL,DFS,,,3,27,,,,,,,,.,,,,
CELL,DFS,,,3,28,,,,,,,,.,,,,
CELL,DFS,,,3,29,,,,,,,,X,,,,
CELL,DFS,,,3,30,,,,,,,,X,,,,
CELL,DFS,,,3,31,,,,,,,,.,,,,
CELL,DFS,,,3,32,,,,,,,,.,,,,
CELL,DFS,,,3,33,,,,,,,,X,,,,
CELL,DFS,,,3,34,,,,,,,,.,,,,
CELL,DFS,,,3,35,,,,,,,,.,,,,
CELL,DFS,,,3,36,,,,,,,,.,,,,
CELL,DFS,,,3,37,,,,,,,,.,,,,
CELL,DFS,,,3,38,,,,,,,,.,,,,
CELL,DFS,,,3,39,,,,,,,,.,,,,
CELL,DFS,,,4,0,,,,,,,,.,,,,
CELL,DFS,,,4,1,,,,,,,,.,,,,
CELL,DFS,,,4,2,,,,,,,,X,,,,
CELL,DFS,,,4,3,,,,,,,,X,,,,
CELL,DFS,,,4,4,,,,,,,,.,,,,
CELL,DFS,,,4,5,,,,,,,,X,,,,
CELL,DFS,,,4,6,,,,,,,,.,,,,
CELL,DFS,,,4,7,,,,,,,,.,,,,
CELL,DFS,,,4,8,,,,,,,,X,,,,
CELL,DFS,,,4,9,,,,,,,,.,,,,
CELL,DFS,,,4,10,,,,,,,,X,,,,
CELL,DFS,,,4,11,,,,,,,,.,,,,
CELL,DFS,,,4,12,,,,,,,,.,,,,
CELL,DFS,,,4,13,,,,,,,,.,,,,
CELL,DFS,,,4,14,,,,,,,,.,,,,
CELL,DFS,,,4,15,,,,,,,,.,,,,
CELL,DFS,,,4,16,,,,,,,,.,,,,
CELL,DFS,,,4,17,,,,,,,,.,,,,
CELL,DFS,,,4,18,,,,,,,,X,,,,
CELL,DFS,,,4,19,,,,,,,,.,,,,
CELL,DFS,,,4,20,,,,,,,,.,,,,
CELL,DFS,,,4,21,,,,,,,,.,,,,
CELL,DFS,,,4,22,,,,,,,,.,,,,
CELL,DFS,,,4,23,,,,,,,,.,,,,
CELL,DFS,,,4,24,,,,,,,,.,,,,
CELL,DFS,,,4,25,,,,,,,,.,,,,
CELL,DFS,,,4,26,,,,,,,,X,,,,
CELL,DFS,,,4,27,,,,,,,,X,,,,
CELL,DFS,,,4,28,,,,,,,,.,,,,
CELL,DFS,,,4,29,,,,,,,,X,,,,
CELL,DFS,,,4,30,,,,,,,,.,,,,
CELL,DFS,,,4,31,,,,,,,,.,,,,
CELL,DFS,,,4,32,,,,,,,,.,,,,
CELL,DFS,,,4,33,,,,,,,,X,,,,
CELL,DFS,,,4,34,,,,,,,,.,,,,
CELL,DFS,,,4,35,,,,,,,,X,,,,
CELL,DFS,,,4,36,,,,,,,,.,,,,
CELL,DFS,,,4,37,,,,,,,,X,,,,
CELL,DFS,,,4,38,,,,,,,,.,,,,
CELL,DFS,,,4,39,,,,,,,,.,,,,
CELL,DFS,,,5,0,,,,,,,,X,,,,
CELL,DFS,,,5,1,,,,,,,,X,,,,
CELL,DFS,,,5,2,,,,,,,,.,,,,
CELL,DFS,,,5,3,,,,,,,,X,,,,
CELL,DFS,,,5,4,,,,,,,,.,,,,
CELL,DFS,,,5,5,,,,,,,,.,,,,
CELL,DFS,,,5,6,,,,,,,,X,,,,
CELL,DFS,,,5,7,,,,,,,,X,,,,
CELL,DFS,,,5,8,,,,,,,,X,,,,
CELL,DFS,,,5,9,,,,,,,,X,,,,
CELL,DFS,,,5,10,,,,,,,,X,,,,
CELL,DFS,,,5,11,,,,,,,,X,,,,
CELL,DFS,,,5,12,,,,,,,,.,,,,
CELL,DFS,,,5,13,,,,,,,,.,,,,
CELL,DFS,,,5,14,,,,,,,,.,,,,
CELL,DFS,,,5,15,,,,,,,,X,,,,
CELL,DFS,,,5,16,,,,,,,,.,,,,
CELL,DFS,,,5,17,,,,,,,,.,,,,
CELL,DFS,,,5,18,,,,,,,,X,,,,
CELL,DFS,,,5,19,,,,,,,,X,,,,
CELL,DFS,,,5,20,,,,,,,,.,,,,
CELL,DFS,,,5,21,,,,,,,,.,,,,
CELL,DFS,,,5,22,,,,,,,,X,,,,
CELL,DFS,,,5,23,,,,,,,,.,,,,
CELL,DFS,,,5,24,,,,,,,,.,,,,
CELL,DFS,,,5,25,,,,,,,,X,,,,
CELL,DFS,,,5,26,,,,,,,,.,,,,
CELL,DFS,,,5,27,,,,,,,,.,,,,
CELL,DFS,,,5,28,,,,,,,,.,,,,
CELL,DFS,,,5,29,,,,,,,,.,,,,
CELL,DFS,,,5,30,,,,,,,,X,,,,
CELL,DFS,,,5,31,,,,,,,,.,,,,
CELL,DFS,,,5,32,,,,,,,,.,,,,
CELL,DFS,,,5,33,,,,,,,,X,,,,
CELL,DFS,,,5,34,,,,,,,,X,,,,
CELL,DFS,,,5,35,,,,,,,,.,,,,
CELL,DFS,,,5,36,,,,,,,,.,,,,
CELL,DFS,,,5,37,,,,,,,,.,,,,
CELL,DFS,,,5,38,,,,,,,,.,,,,
CELL,DFS,,,5,39,,,,,,,,.,,,,
CELL,DFS,,,6,0,,,,,,,,.,,,,
CELL,DFS,,,6,1,,,,,,,,.,,,,
CELL,DFS,,,6,2,,,,,,,,.,,,,
CELL,DFS,,,6,3,,,,,,,,X,,,,
CELL,DFS,,,6,4,,,,,,,,.,,,,
CELL,DFS,,,6,5,,,,,,,,.,,,,
CELL,DFS,,,6,6,,,,,,,,.,,,,
CELL,DFS,,,6,7,,,,,,,,.,,,,
CELL,DFS,,,6,8,,,,,,,,.,,,,
CELL,DFS,,,6,9,,,,,,,,.,,,,
CELL,DFS,,,6,10,,,,,,,,X,,,,
CELL,DFS,,,6,11,,,,,,,,X,,,,
CELL,DFS,,,6,12,,,,,,,,X,,,,
CELL,DFS,,,6,13,,,,,,,,X,,,,
CELL,DFS,,,6,14,,,,,,,,X,,,,
CELL,DFS,,,6,15,,,,,,,,.,,,,
CELL,DFS,,,6,16,,,,,,,,.,,,,
CELL,DFS,,,6,17,,,,,,,,.,,,,
CELL,DFS,,,6,18,,,,,,,,.,,,,
CELL,DFS,,,6,19,,,,,,,,.,,,,
CELL,DFS,,,6,20,,,,,,,,.,,,,
CELL,DFS,,,6,21,,,,,,,,.,,,,
CELL,DFS,,,6,22,,,,,,,,.,,,,
CELL,DFS,,,6,23,,,,,,,,.,,,,
CELL,DFS,,,6,24,,,,,,,,X,,,,
CELL,DFS,,,6,25,,,,,,,,.,,,,
CELL,DFS,,,6,26,,,,,,,,.,,,,
CELL,DFS,,,6,27,,,,,,,,.,,,,
CELL,DFS,,,6,28,,,,,,,,.,,,,
CELL,DFS,,,6,29,,,,,,,,.,,,,
CELL,DFS,,,6,30,,,,,,,,.,,,,
CELL,DFS,,,6,31,,,,,,,,.,,,,
CELL,DFS,,,6,32,,,,,,,,.,,,,
CELL,DFS,,,6,33,,,,,,,,.,,,,
CELL,DFS,,,6,34,,,,,,,,X,,,,
CELL,DFS,,,6,35,,,,,,,,X,,,,
CELL,DFS,,,6,36,,,,,,,,.,,,,
CELL,DFS,,,6,37,,,,,,,,.,,,,
CELL,DFS,,,6,38,,,,,,,,.,,,,
CELL,DFS,,,6,39,,,,,,,,.,,,,
CELL,DFS,,,7,0,,,,,,,,X,,,,
CELL,DFS,,,7,1,,,,,,,,.,,,,
CELL,DFS,,,7,2,,,,,,,,X,,,,
CELL,DFS,,,7,3,,,,,,,,.,,,,
CELL,DFS,,,7,4,,,,,,,,.,,,,
CELL,DFS,,,7,5,,,,,,,,.,,,,
CELL,DFS,,,7,6,,,,,,,,.,,,,
CELL,DFS,,,7,7,,,,,,,,X,,,,
CELL,DFS,,,7,8,,,,,,,,.,,,,
CELL,DFS,,,7,9,,,,,,,,X,,,,
CELL,DFS,,,7,10,,,,,,,,.,,,,
CELL,DFS,,,7,11,,,,,,,,.,,,,
CELL,DFS,,,7,12,,,,,,,,X,,,,
CELL,DFS,,,7,13,,,,,,,,.,,,,
CELL,DFS,,,7,14,,,,,,,,.,,,,
CELL,DFS,,,7,15,,,,,,,,.,,,,
CELL,DFS,,,7,16,,,,,,,,.,,,,
CELL,DFS,,,7,17,,,,,,,,X,,,,
CELL,DFS,,,7,18,,,,,,,,.,,,,
CELL,DFS,,,7,19,,,,,,,,X,,,,
CELL,DFS,,,7,20,,,,,,,,X,,,,
CELL,DFS,,,7,21,,,,,,,,X,,,,
CELL,DFS,,,7,22,,,,,,,,.,,,,
CELL,DFS,,,7,23,,,,,,,,.,,,,
CELL,DFS,,,7,24,,,,,,,,.,,,,
CELL,DFS,,,7,25,,,,,,,,X,,,,
CELL,DFS,,,7,26,,,,,,,,.,,,,
CELL,DFS,,,7,27,,,,,,,,.,,,,
CELL,DFS,,,7,28,,,,,,,,.,,,,
CELL,DFS,,,7,29,,,,,,,,.,,,,
CELL,DFS,,,7,30,,,,,,,,.,,,,
CELL,DFS,,,7,31,,,,,,,,.,,,,
CELL,DFS,,,7,32,,,,,,,,.,,,,
CELL,DFS,,,7,33,,,,,,,,X,,,,
CELL,DFS,,,7,34,,,,,,,,.,,,,
CELL,DFS,,,7,35,,,,,,,,.,,,,
CELL,DFS,,,7,36,,,,,,,,X,,,,
CELL,DFS,,,7,37,,,,,,,,X,,,,
CELL,DFS,,,7,38,,,,,,,,.,,,,
CELL,DFS,,,7,39,,,,,,,,.,,,,
CELL,DFS,,,8,0,,,,,,,,X,,,,
CELL,DFS,,,8,1,,,,,,,,.,,,,
CELL,DFS,,,8,2,,,,,,,,.,,,,
CELL,DFS,,,8,3,,,,,,,,X,,,,
CELL,DFS,,,8,4,,,,,,,,X,,,,
CELL,DFS,,,8,5,,,,,,,,.,,,,
CELL,DFS,,,8,6,,,,,,,,X,,,,
CELL,DFS,,,8,7,,,,,,,,X,,,,
CELL,DFS,,,8,8,,,,,,,,.,,,,
CELL,DFS,,,8,9,,,,,,,,X,,,,
CELL,DFS,,,8,10,,,,,,,,.,,,,
CELL,DFS,,,8,11,,,,,,,,.,,,,
CELL,DFS,,,8,12,,,,,,,,X,,,,
CELL,DFS,,,8,13,,,,,,,,X,,,,
CELL,DFS,,,8,14,,,,,,,,X,,,,
CELL,DFS,,,8,15,,,,,,,,X,,,,
CELL,DFS,,,8,16,,,,,,,,.,,,,
CELL,DFS,,,8,17,,,,,,,,.,,,,
CELL,DFS,,,8,18,,,,,,,,.,,,,
CELL,DFS,,,8,19,,,,,,,,.,,,,
CELL,DFS,,,8,20,,,,,,,,.,,,,
CELL,DFS,,,8,21,,,,,,,,X,,,,
CELL,DFS,,,8,22,,,,,,,,.,,,,
CELL,DFS,,,8,23,,,,,,,,.,,,,
CELL,DFS,,,8,24,,,,,,,,.,,,,
CELL,DFS,,,8,25,,,,,,,,X,,,,
CELL,DFS,,,8,26,,,,,,,,.,,,,
CELL,DFS,,,8,27,,,,,,,,X,,,,
CELL,DFS,,,8,28,,,,,,,,.,,,,
CELL,DFS,,,8,29,,,,,,,,X,,,,
CELL,DFS,,,8,30,,,,,,,,X,,,,
CELL,DFS,,,8,31,,,,,,,,.,,,,
CELL,DFS,,,8,32,,,,,,,,X,,,,
CELL,DFS,,,8,33,,,,,,,,.,,,,
CELL,DFS,,,8,34,,,,,,,,X,,,,
CELL,DFS,,,8,35,,,,,,,,X,,,,
CELL,DFS,,,8,36,,,,,,,,.,,,,
CELL,DFS,,,8,37,,,,,,,,X,,,,
CELL,DFS,,,8,38,,,,,,,,.,,,,
CELL,DFS,,,8,39,,,,,,,,.,,,,
CELL,DFS,,,9,0,,,,,,,,X,,,,
CELL,DFS,,,9,1,,,,,,,,.,,,,
CELL,DFS,,,9,2,,,,,,,,.,,,,
CELL,DFS,,,9,3,,,,,,,,B,,,,
CELL,DFS,,,9,4,,,,,,,,.,,,,
CELL,DFS,,,9,5,,,,,,,,.,,,,
CELL,DFS,,,9,6,,,,,,,,X,,,,
CELL,DFS,,,9,7,,,,,,,,X,,,,
CELL,DFS,,,9,8,,,,,,,,.,,,,
CELL,DFS,,,9,9,,,,,,,,X,,,,
CELL,DFS,,,9,10,,,,,,,,X,,,,
CELL,DFS,,,9,11,,,,,,,,X,,,,
CELL,DFS,,,9,12,,,,,,,,.,,,,
CELL,DFS,,,9,13,,,,,,,,.,,,,
CELL,DFS,,,9,14,,,,,,,,.,,,,
CELL,DFS,,,9,15,,,,,,,,.,,,,
CELL,DFS,,,9,16,,,,,,,,X,,,,
CELL,DFS,,,9,17,,,,,,,,X,,,,
CELL,DFS,,,9,18,,,,,,,,.,,,,
CELL,DFS,,,9,19,,,,,,,,.,,,,
CELL,DFS,,,9,20,,,,,,,,.,,,,
CELL,DFS,,,9,21,,,,,,,,X,,,,
CELL,DFS,,,9,22,,,,,,,,X,,,,
CELL,DFS,,,9,23,,,,,,,,.,,,,
CELL,DFS,,,9,24,,,,,,,,.,,,,
CELL,DFS,,,9,25,,,,,,,,.,,,,
CELL,DFS,,,9,26,,,,,,,,X,,,,
CELL,DFS,,,9,27,,,,,,,,X,,,,
CELL,DFS,,,9,28,,,,,,,,.,,,,
CELL,DFS,,,9,29,,,,,,,,.,,,,
CELL,DFS,,,9,30,,,,,,,,.,,,,
CELL,DFS,,,9,31,,,,,,,,.,,,,
CELL,DFS,,,9,32,,,,,,,,.,,,,
CELL,DFS,,,9,33,,,,,,,,X,,,,
CELL,DFS,,,9,34,,,,,,,,X,,,,
CELL,DFS,,,9,35,,,,,,,,.,,,,
CELL,DFS,,,9,36,,,,,,,,.,,,,
CELL,DFS,,,9,37,,,,,,,,.,,,,
CELL,DFS,,,9,38,,,,,,,,.,,,,
CELL,DFS,,,9,39,,,,,,,,.,,,,
CELL,DFS,,,10,0,,,,,,,,.,,,,
CELL,DFS,,,10,1,,,,,,,,.,,,,
CELL,DFS,,,10,2,,,,,,,,X,,,,
CELL,DFS,,,10,3,,,,,,,,.,,,,
CELL,DFS,,,10,4,,,,,,,,X,,,,
CELL,DFS,,,10,5,,,,,,,,.,,,,
CELL,DFS,,,10,6,,,,,,,,.,,,,
CELL,DFS,,,10,7,,,,,,,,X,,,,
CELL,DFS,,,10,8,,,,,,,,.,,,,
CELL,DFS,,,10,9,,,,,,,,.,,,,
CELL,DFS,,,10,10,,,,,,,,.,,,,
CELL,DFS,,,10,11,,,,,,,,.,,,,
CELL,DFS,,,10,12,,,,,,,,.,,,,
CELL,DFS,,,10,13,,,,,,,,.,,,,
CELL,DFS,,,10,14,,,,,,,,.,,,,
CELL,DFS,,,10,15,,,,,,,,.,,,,
CELL,DFS,,,10,16,,,,,,,,.,,,,
CELL,DFS,,,10,17,,,,,,,,.,,,,
CELL,DFS,,,10,18,,,,,,,,.,,,,
CELL,DFS,,,10,19,,,,,,,,.,,,,
CELL,DFS,,,10,20,,,,,,,,.,,,,
CELL,DFS,,,10,21,,,,,,,,.,,,,
CELL,DFS,,,10,22,,,,,,,,.,,,,
CELL,DFS,,,10,23,,,,,,,,.,,,,
CELL,DFS,,,10,24,,,,,,,,X,,,,
CELL,DFS,,,10,25,,,,,,,,.,,,,
CELL,DFS,,,10,26,,,,,,,,.,,,,
CELL,DFS,,,10,27,,,,,,,,X,,,,
CELL,DFS,,,10,28,,,,,,,,.,,,,
CELL,DFS,,,10,29,,,,,,,,X,,,,
CELL,DFS,,,10,30,,,,,,,,X,,,,
CELL,DFS,,,10,31,,,,,,,,.,,,,
CELL,DFS,,,10,32,,,,,,,,.,,,,
CELL,DFS,,,10,33,,,,,,,,.,,,,
CELL,DFS,,,10,34,,,,,,,,.,,,,
CELL,DFS,,,10,35,,,,,,,,X,,,,
CELL,DFS,,,10,36,,,,,,,,X,,,,
CELL,DFS,,,10,37,,,,,,,,X,,,,
CELL,DFS,,,10,38,,,,,,,,X,,,,
CELL,DFS,,,10,39,,,,,,,,.,,,,
CELL,DFS,,,11,0,,,,,,,,X,,,,
CELL,DFS,,,11,1,,,,,,,,.,,,,
CELL,DFS,,,11,2,,,,,,,,X,,,,
CELL,DFS,,,11,3,,,,,,,,X,,,,
CELL,DFS,,,11,4,,,,,,,,X,,,,
CELL,DFS,,,11,5,,,,,,,,X,,,,
CELL,DFS,,,11,6,,,,,,,,.,,,,
CELL,DFS,,,11,7,,,,,,,,.,,,,
CELL,DFS,,,11,8,,,,,,,,X,,,,
CELL,DFS,,,11,9,,,,,,,,.,,,,
CELL,DFS,,,11,10,,,,,,,,X,,,,
CELL,DFS,,,11,11,,,,,,,,X,,,,
CELL,DFS,,,11,12,,,,,,,,.,,,,
CELL,DFS,,,11,13,,,,,,,,.,,,,
CELL,DFS,,,11,14,,,,,,,,.,,,,
CELL,DFS,,,11,15,,,,,,,,.,,,,
CELL,DFS,,,11,16,,,,,,,,X,,,,
CELL,DFS,,,11,17,,,,,,,,.,,,,
CELL,DFS,,,11,18,,,,,,,,.,,,,
CELL,DFS,,,11,19,,,,,,,,.,,,,
CELL,DFS,,,11,20,,,,,,,,.,,,,
CELL,DFS,,,11,21,,,,,,,,X,,,,
CELL,DFS,,,11,22,,,,,,,,.,,,,
CELL,DFS,,,11,23,,,,,,,,X,,,,
CELL,DFS,,,11,24,,,,,,,,.,,,,
CELL,DFS,,,11,25,,,,,,,,.,,,,
CELL,DFS,,,11,26,,,,,,,,X,,,,
CELL,DFS,,,11,27,,,,,,,,.,,,,
CELL,DFS,,,11,28,,,,,,,,.,,,,
CELL,DFS,,,11,29,,,,,,,,X,,,,
CELL,DFS,,,11,30,,,,,,,,.,,,,
CELL,DFS,,,11,31,,,,,,,,X,,,,
CELL,DFS,,,11,32,,,,,,,,X,,,,
CELL,DFS,,,11,33,,,,,,,,.,,,,
CELL,DFS,,,11,34,,,,,,,,.,,,,
CELL,DFS,,,11,35,,,,,,,,.,,,,
CELL,DFS,,,11,36,,,,,,,,.,,,,
CELL,DFS,,,11,37,,,,,,,,X,,,,
CELL,DFS,,,11,38,,,,,,,,.,,,,
CELL,DFS,,,11,39,,,,,,,,X,,,,
CELL,DFS,,,12,0,,,,,,,,.,,,,
CELL,DFS,,,12,1,,,,,,,,.,,,,
CELL,DFS,,,12,2,,,,,,,,X,,,,
CELL,DFS,,,12,3,,,,,,,,X,,,,
CELL,DFS,,,12,4,,,,,,,,.,,,,
CELL,DFS,,,12,5,,,,,,,,X,,,,
CELL,DFS,,,12,6,,,,,,,,.,,,,
CELL,DFS,,,12,7,,,,,,,,.,,,,
CELL,DFS,,,12,8,,,,,,,,.,,,,
CELL,DFS,,,12,9,,,,,,,,.,,,,
CELL,DFS,,,12,10,,,,,,,,X,,,,
CELL,DFS,,,12,11,,,,,,,,.,,,,
CELL,DFS,,,12,12,,,,,,,,.,,,,
CELL,DFS,,,12,13,,,,,,,,.,,,,
CELL,DFS,,,12,14,,,,,,,,.,,,,
CELL,DFS,,,12,15,,,,,,,,.,,,,
CELL,DFS,,,12,16,,,,,,,,.,,,,
CELL,DFS,,,12,17,,,,,,,,.,,,,
CELL,DFS,,,12,18,,,,,,,,X,,,,
CELL,DFS,,,12,19,,,,,,,,.,,,,
CELL,DFS,,,12,20,,,,,,,,.,,,,
CELL,DFS,,,12,21,,,,,,,,.,,,,
CELL,DFS,,,12,22,,,,,,,,X,,,,
CELL,DFS,,,12,23,,,,,,,,.,,,,
CELL,DFS,,,12,24,,,,,,,,.,,,,
CELL,DFS,,,12,25,,,,,,,,.,,,,
CELL,DFS,,,12,26,,,,,,,,X,,,,
CELL,DFS,,,12,27,,,,,,,,.,,,,
CELL,DFS,,,12,28,,,,,,,,.,,,,
CELL,DFS,,,12,29,,,,,,,,.,,,,
CELL,DFS,,,12,30,,,,,,,,.,,,,
CELL,DFS,,,12,31,,,,,,,,X,,,,
CELL,DFS,,,12,32,,,,,,,,.,,,,
CELL,DFS,,,12,33,,,,,,,,X,,,,
CELL,DFS,,,12,34,,,,,,,,.,,,,
CELL,DFS,,,12,35,,,,,,,,X,,,,
CELL,DFS,,,12,36,,,,,,,,.,,,,
CELL,DFS,,,12,37,,,,,,,,.,,,,
CELL,DFS,,,12,38,,,,,,,,.,,,,
CELL,DFS,,,12,39,,,,,,,,X,,,,
CELL,DFS,,,13,0,,,,,,,,X,,,,
CELL,DFS,,,13,1,,,,,,,,.,,,,
CELL,DFS,,,13,2,,,,,,,,X,,,,
CELL,DFS,,,13,3,,,,,,,,.,,,,
CELL,DFS,,,13,4,,,,,,,,X,,,,
CELL,DFS,,,13,5,,,,,,,,.,,,,
CELL,DFS,,,13,6,,,,,,,,.,,,,
CELL,DFS,,,13,7,,,,,,,,X,,,,
CELL,DFS,,,13,8,,,,,,,,.,,,,
CELL,DFS,,,13,9,,,,,,,,X,,,,
CELL,DFS,,,13,10,,,,,,,,X,,,,
CELL,DFS,,,13,11,,,,,,,,.,,,,
CELL,DFS,,,13,12,,,,,,,,.,,,,
CELL,DFS,,,13,13,,,,,,,,.,,,,
CELL,DFS,,,13,14,,,,,,,,.,,,,
CELL,DFS,,,13,15,,,,,,,,X,,,,
CELL,DFS,,,13,16,,,,,,,,X,,,,
CELL,DFS,,,13,17,,,,,,,,.,,,,
CELL,DFS,,,13,18,,,,,,,,.,,,,
CELL,DFS,,,13,19,,,,,,,,X,,,,
CELL,DFS,,,13,20,,,,,,,,.,,,,
CELL,DFS,,,13,21,,,,,,,,X,,,,
CELL,DFS,,,13,22,,,,,,,,.,,,,
CELL,DFS,,,13,23,,,,,,,,X,,,,
CELL,DFS,,,13,24,,,,,,,,X,,,,
CELL,DFS,,,13,25,,,,,,,,X,,,,
CELL,DFS,,,13,26,,,,,,,,X,,,,
CELL,DFS,,,13,27,,,,,,,,.,,,,
CELL,DFS,,,13,28,,,,,,,,X,,,,
CELL,DFS,,,13,29,,,,,,,,.,,,,
CELL,DFS,,,13,30,,,,,,,,X,,,,
CELL,DFS,,,13,31,,,,,,,,.,,,,
CELL,DFS,,,13,32,,,,,,,,X,,,,
CELL,DFS,,,13,33,,,,,,,,.,,,,
CELL,DFS,,,13,34,,,,,,,,X,,,,
CELL,DFS,,,13,35,,,,,,,,.,,,,
CELL,DFS,,,13,36,,,,,,,,X,,,,
CELL,DFS,,,13,37,,,,,,,,.,,,,
CELL,DFS,,,13,38,,,,,,,,.,,,,
CELL,DFS,,,13,39,,,,,,,,X,,,,
CELL,DFS,,,14,0,,,,,,,,.,,,,
CELL,DFS,,,14,1,,,,,,,,X,,,,
CELL,DFS,,,14,2,,,,,,,,.,,,,
CELL,DFS,,,14,3,,,,,,,,.,,,,
CELL,DFS,,,14,4,,,,,,,,.,,,,
CELL,DFS,,,14,5,,,,,,,,.,,,,
CELL,DFS,,,14,6,,,,,,,,X,,,,
CELL,DFS,,,14,7,,,,,,,,.,,,,
CELL,DFS,,,14,8,,,,,,,,X,,,,
CELL,DFS,,,14,9,,,,,,,,.,,,,
CELL,DFS,,,14,10,,,,,,,,.,,,,
CELL,DFS,,,14,11,,,,,,,,.,,,,
CELL,DFS,,,14,12,,,,,,,,.,,,,
CELL,DFS,,,14,13,,,,,,,,X,,,,
CELL,DFS,,,14,14,,,,,,,,X,,,,
CELL,DFS,,,14,15,,,,,,,,X,,,,
CELL,DFS,,,14,16,,,,,,,,.,,,,
CELL,DFS,,,14,17,,,,,,,,.,,,,
CELL,DFS,,,14,18,,,,,,,,X,,,,
CELL,DFS,,,14,19,,,,,,,,X,,,,
CELL,DFS,,,14,20,,,,,,,,.,,,,
CELL,DFS,,,14,21,,,,,,,,.,,,,
CELL,DFS,,,14,22,,,,,,,,.,,,,
CELL,DFS,,,14,23,,,,,,,,.,,,,
CELL,DFS,,,14,24,,,,,,,,.,,,,
CELL,DFS,,,14,25,,,,,,,,.,,,,
CELL,DFS,,,14,26,,,,,,,,X,,,,
CELL,DFS,,,14,27,,,,,,,,.,,,,
CELL,DFS,,,14,28,,,,,,,,.,,,,
CELL,DFS,,,14,29,,,,,,,,.,,,,
CELL,DFS,,,14,30,,,,,,,,.,,,,
CELL,DFS,,,14,31,,,,,,,,X,,,,
CELL,DFS,,,14,32,,,,,,,,.,,,,
CELL,DFS,,,14,33,,,,,,,,.,,,,
CELL,DFS,,,14,34,,,,,,,,.,,,,
CELL,DFS,,,14,35,,,,,,,,X,,,,
CELL,DFS,,,14,36,,,,,,,,.,,,,
CELL,DFS,,,14,37,,,,,,,,.,,,,
CELL,DFS,,,14,38,,,,,,,,.,,,,
CELL,DFS,,,14,39,,,,,,,,X,,,,
CELL,DFS,,,15,0,,,,,,,,.,,,,
CELL,DFS,,,15,1,,,,,,,,.,,,,
CELL,DFS,,,15,2,,,,,,,,.,,,,
CELL,DFS,,,15,3,,,,,,,,.,,,,
CELL,DFS,,,15,4,,,,,,,,.,,,,
CELL,DFS,,,15,5,,,,,,,,X,,,,
CELL,DFS,,,15,6,,,,,,,,X,,,,
CELL,DFS,,,15,7,,,,,,,,.,,,,
CELL,DFS,,,15,8,,,,,,,,.,,,,
CELL,DFS,,,15,9,,,,,,,,.,,,,
CELL,DFS,,,15,10,,,,,,,,.,,,,
CELL,DFS,,,15,11,,,,,,,,.,,,,
CELL,DFS,,,15,12,,,,,,,,.,,,,
CELL,DFS,,,15,13,,,,,,,,X,,,,
CELL,DFS,,,15,14,,,,,,,,.,,,,
CELL,DFS,,,15,15,,,,,,,,.,,,,
CELL,DFS,,,15,16,,,,,,,,.,,,,
CELL,DFS,,,15,17,,,,,,,,.,,,,
CELL,DFS,,,15,18,,,,,,,,.,,,,
CELL,DFS,,,15,19,,,,,,,,X,,,,
CELL,DFS,,,15,20,,,,,,,,.,,,,
CELL,DFS,,,15,21,,,,,,,,.,,,,
CELL,DFS,,,15,22,,,,,,,,X,,,,
CELL,DFS,,,15,23,,,,,,,,.,,,,
CELL,DFS,,,15,24,,,,,,,,.,,,,
CELL,DFS,,,15,25,,,,,,,,B,,,,
CELL,DFS,,,15,26,,,,,,,,X,,,,
CELL,DFS,,,15,27,,,,,,,,.,,,,
CELL,DFS,,,15,28,,,,,,,,.,,,,
CELL,DFS,,,15,29,,,,,,,,.,,,,
CELL,DFS,,,15,30,,,,,,,,X,,,,
CELL,DFS,,,15,31,,,,,,,,.,,,,
CELL,DFS,,,15,32,,,,,,,,.,,,,
CELL,DFS,,,15,33,,,,,,,,.,,,,
CELL,DFS,,,15,34,,,,,,,,.,,,,
CELL,DFS,,,15,35,,,,,,,,X,,,,
CELL,DFS,,,15,36,,,,,,,,.,,,,
CELL,DFS,,,15,37,,,,,,,,.,,,,
CELL,DFS,,,15,38,,,,,,,,X,,,,
CELL,DFS,,,15,39,,,,,,,,.,,,,
CELL,DFS,,,16,0,,,,,,,,X,,,,
CELL,DFS,,,16,1,,,,,,,,X,,,,
CELL,DFS,,,16,2,,,,,,,,X,,,,
CELL,DFS,,,16,3,,,,,,,,.,,,,
CELL,DFS,,,16,4,,,,,,,,.,,,,
CELL,DFS,,,16,5,,,,,,,,.,,,,
CELL,DFS,,,16,6,,,,,,,,.,,,,
CELL,DFS,,,16,7,,,,,,,,.,,,,
CELL,DFS,,,16,8,,,,,,,,X,,,,
CELL,DFS,,,16,9,,,,,,,,.,,,,
CELL,DFS,,,16,10,,,,,,,,X,,,,
CELL,DFS,,,16,11,,,,,,,,X,,,,
CELL,DFS,,,16,12,,,,,,,,X,,,,
CELL,DFS,,,16,13,,,,,,,,X,,,,
CELL,DFS,,,16,14,,,,,,,,.,,,,
CELL,DFS,,,16,15,,,,,,,,X,,,,
CELL,DFS,,,16,16,,,,,,,,.,,,,
CELL,DFS,,,16,17,,,,,,,,.,,,,
CELL,DFS,,,16,18,,,,,,,,X,,,,
CELL,DFS,,,16,19,,,,,,,,X,,,,
CELL,DFS,,,16,20,,,,,,,,X,,,,
CELL,DFS,,,16,21,,,,,,,,.,,,,
CELL,DFS,,,16,22,,,,,,,,X,,,,
CELL,DFS,,,16,23,,,,,,,,.,,,,
CELL,DFS,,,16,24,,,,,,,,.,,,,
CELL,DFS,,,16,25,,,,,,,,.,,,,
CELL,DFS,,,16,26,,,,,,,,X,,,,
CELL,DFS,,,16,27,,,,,,,,X,,,,
CELL,DFS,,,16,28,,,,,,,,.,,,,
CELL,DFS,,,16,29,,,,,,,,.,,,,
CELL,DFS,,,16,30,,,,,,,,X,,,,
CELL,DFS,,,16,31,,,,,,,,.,,,,
CELL,DFS,,,16,32,,,,,,,,X,,,,
CELL,DFS,,,16,33,,,,,,,,X,,,,
CELL,DFS,,,16,34,,,,,,,,X,,,,
CELL,DFS,,,16,35,,,,,,,,.,,,,
CELL,DFS,,,16,36,,,,,,,,.,,,,
CELL,DFS,,,16,37,,,,,,,,X,,,,
CELL,DFS,,,16,38,,,,,,,,X,,,,
CELL,DFS,,,16,39,,,,,,,,.,,,,
CELL,DFS,,,17,0,,,,,,,,.,,,,
CELL,DFS,,,17,1,,,,,,,,X,,,,
CELL,DFS,,,17,2,,,,,,,,.,,,,
CELL,DFS,,,17,3,,,,,,,,.,,,,
CELL,DFS,,,17,4,,,,,,,,X,,,,
CELL,DFS,,,17,5,,,,,,,,.,,,,
CELL,DFS,,,17,6,,,,,,,,X,,,,
CELL,DFS,,,17,7,,,,,,,,.,,,,
CELL,DFS,,,17,8,,,,,,,,X,,,,
CELL,DFS,,,17,9,,,,,,,,.,,,,
CELL,DFS,,,17,10,,,,,,,,.,,,,
CELL,DFS,,,17,11,,,,,,,,X,,,,
CELL,DFS,,,17,12,,,,,,,,.,,,,
CELL,DFS,,,17,13,,,,,,,,.,,,,
CELL,DFS,,,17,14,,,,,,,,X,,,,
CELL,DFS,,,17,15,,,,,,,,.,,,,
CELL,DFS,,,17,16,,,,,,,,X,,,,
CELL,DFS,,,17,17,,,,,,,,.,,,,
CELL,DFS,,,17,18,,,,,,,,X,,,,
CELL,DFS,,,17,19,,,,,,,,X,,,,
CELL,DFS,,,17,20,,,,,,,,.,,,,
CELL,DFS,,,17,21,,,,,,,,.,,,,
CELL,DFS,,,17,22,,,,,,,,.,,,,
CELL,DFS,,,17,23,,,,,,,,.,,,,
CELL,DFS,,,17,24,,,,,,,,X,,,,
CELL,DFS,,,17,25,,,,,,,,.,,,,
CELL,DFS,,,17,26,,,,,,,,.,,,,
CELL,DFS,,,17,27,,,,,,,,X,,,,
CELL,DFS,,,17,28,,,,,,,,X,,,,
CELL,DFS,,,17,29,,,,,,,,.,,,,
CELL,DFS,,,17,30,,,,,,,,.,,,,
CELL,DFS,,,17,31,,,,,,,,.,,,,
CELL,DFS,,,17,32,,,,,,,,X,,,,
CELL,DFS,,,17,33,,,,,,,,X,,,,
CELL,DFS,,,17,34,,,,,,,,.,,,,
CELL,DFS,,,17,35,,,,,,,,.,,,,
CELL,DFS,,,17,36,,,,,,,,X,,,,
CELL,DFS,,,17,37,,,,,,,,X,,,,
CELL,DFS,,,17,38,,,,,,,,.,,,,
CELL,DFS,,,17,39,,,,,,,,.,,,,
CELL,DFS,,,18,0,,,,,,,,.,,,,
CELL,DFS,,,18,1,,,,,,,,.,,,,
CELL,DFS,,,18,2,,,,,,,,X,,,,
CELL,DFS,,,18,3,,,,,,,,X,,,,
CELL,DFS,,,18,4,,,,,,,,X,,,,
CELL,DFS,,,18,5,,,,,,,,.,,,,
CELL,DFS,,,18,6,,,,,,,,X,,,,
CELL,DFS,,,18,7,,,,,,,,.,,,,
CELL,DFS,,,18,8,,,,,,,,.,,,,
CELL,DFS,,,18,9,,,,,,,,.,,,,
CELL,DFS,,,18,10,,,,,,,,X,,,,
CELL,DFS,,,18,11,,,,,,,,X,,,,
CELL,DFS,,,18,12,,,,,,,,.,,,,
CELL,DFS,,,18,13,,,,,,,,X,,,,
CELL,DFS,,,18,14,,,,,,,,.,,,,
CELL,DFS,,,18,15,,,,,,,,.,,,,
CELL,DFS,,,18,16,,,,,,,,.,,,,
CELL,DFS,,,18,17,,,,,,,,X,,,,
CELL,DFS,,,18,18,,,,,,,,.,,,,
CELL,DFS,,,18,19,,,,,,,,.,,,,
CELL,DFS,,,18,20,,,,,,,,.,,,,
CELL,DFS,,,18,21,,,,,,,,.,,,,
CELL,DFS,,,18,22,,,,,,,,.,,,,
CELL,DFS,,,18,23,,,,,,,,.,,,,
CELL,DFS,,,18,24,,,,,,,,X,,,,
CELL,DFS,,,18,25,,,,,,,,.,,,,
CELL,DFS,,,18,26,,,,,,,,.,,,,
CELL,DFS,,,18,27,,,,,,,,X,,,,
CELL,DFS,,,18,28,,,,,,,,X,,,,
CELL,DFS,,,18,29,,,,,,,,.,,,,
CELL,DFS,,,18,30,,,,,,,,.,,,,
CELL,DFS,,,18,31,,,,,,,,.,,,,
CELL,DFS,,,18,32,,,,,,,,.,,,,
CELL,DFS,,,18,33,,,,,,,,X,,,,
CELL,DFS,,,18,34,,,,,,,,.,,,,
CELL,DFS,,,18,35,,,,,,,,X,,,,
CELL,DFS,,,18,36,,,,,,,,.,,,,
CELL,DFS,,,18,37,,,,,,,,.,,,,
CELL,DFS,,,18,38,,,,,,,,X,,,,
CELL,DFS,,,18,39,,,,,,,,X,,,,
CELL,DFS,,,19,0,,,,,,,,X,,,,
CELL,DFS,,,19,1,,,,,,,,.,,,,
CELL,DFS,,,19,2,,,,,,,,X,,,,
CELL,DFS,,,19,3,,,,,,,,.,,,,
CELL,DFS,,,19,4,,,,,,,,X,,,,
CELL,DFS,,,19,5,,,,,,,,.,,,,
CELL,DFS,,,19,6,,,,,,,,.,,,,
CELL,DFS,,,19,7,,,,,,,,X,,,,
CELL,DFS,,,19,8,,,,,,,,.,,,,
CELL,DFS,,,19,9,,,,,,,,X,,,,
CELL,DFS,,,19,10,,,,,,,,.,,,,
CELL,DFS,,,19,11,,,,,,,,.,,,,
CELL,DFS,,,19,12,,,,,,,,X,,,,
CELL,DFS,,,19,13,,,,,,,,X,,,,
CELL,DFS,,,19,14,,,,,,,,.,,,,
CELL,DFS,,,19,15,,,,,,,,.,,,,
CELL,DFS,,,19,16,,,,,,,,X,,,,
CELL,DFS,,,19,17,,,,,,,,X,,,,
CELL,DFS,,,19,18,,,,,,,,.,,,,
CELL,DFS,,,19,19,,,,,,,,X,,,,
CELL,DFS,,,19,20,,,,,,,,X,,,,
CELL,DFS,,,19,21,,,,,,,,X,,,,
CELL,DFS,,,19,22,,,,,,,,.,,,,
CELL,DFS,,,19,23,,,,,,,,X,,,,
CELL,DFS,,,19,24,,,,,,,,X,,,,
CELL,DFS,,,19,25,,,,,,,,X,,,,
CELL,DFS,,,19,26,,,,,,,,.,,,,
CELL,DFS,,,19,27,,,,,,,,X,,,,
CELL,DFS,,,19,28,,,,,,,,.,,,,
CELL,DFS,,,19,29,,,,,,,,.,,,,
CELL,DFS,,,19,30,,,,,,,,.,,,,
CELL,DFS,,,19,31,,,,,,,,.,,,,
CELL,DFS,,,19,32,,,,,,,,.,,,,
CELL,DFS,,,19,33,,,,,,,,.,,,,
CELL,DFS,,,19,34,,,,,,,,X,,,,
CELL,DFS,,,19,35,,,,,,,,.,,,,
CELL,DFS,,,19,36,,,,,,,,.,,,,
CELL,DFS,,,19,37,,,,,,,,.,,,,
CELL,DFS,,,19,38,,,,,,,,.,,,,
CELL,DFS,,,19,39,,,,,,,,X,,,,
EVENT,DFS,0,DISCOVER,1,2,,,0,,1,,,,,,,
EVENT,DFS,1,EXPAND,1,2,,,,,0,,,,,,,
EVENT,DFS,2,DISCOVER,1,3,1,2,,,1,,,,,,,
EVENT,DFS,3,DISCOVER,2,2,1,2,,,2,,,,,,,
EVENT,DFS,4,DISCOVER,1,1,1,2,,,3,,,,,,,
EVENT,DFS,5,EXPAND,1,1,1,2,,,2,,,,,,,
EVENT,DFS,6,DISCOVER,1,0,1,1,,,3,,,,,,,
EVENT,DFS,7,DISCOVER,0,1,1,1,,,4,,,,,,,
EVENT,DFS,8,EXPAND,0,1,1,1,,,3,,,,,,,
EVENT,DFS,9,EXPAND,1,0,1,1,,,2,,,,,,,
EVENT,DFS,10,EXPAND,2,2,1,2,,,1,,,,,,,
EVENT,DFS,11,DISCOVER,3,2,2,2,,,2,,,,,,,
EVENT,DFS,12,EXPAND,3,2,2,2,,,1,,,,,,,
EVENT,DFS,13,DISCOVER,3,3,3,2,,,2,,,,,,,
EVENT,DFS,14,EXPAND,3,3,3,2,,,1,,,,,,,
EVENT,DFS,15,DISCOVER,3,4,3,3,,,2,,,,,,,
EVENT,DFS,16,EXPAND,3,4,3,3,,,1,,,,,,,
EVENT,DFS,17,DISCOVER,3,5,3,4,,,2,,,,,,,
EVENT,DFS,18,DISCOVER,4,4,3,4,,,3,,,,,,,
EVENT,DFS,19,EXPAND,4,4,3,4,,,2,,,,,,,
EVENT,DFS,20,DISCOVER,5,4,4,4,,,3,,,,,,,
EVENT,DFS,21,EXPAND,5,4,4,4,,,2,,,,,,,
EVENT,DFS,22,DISCOVER,5,5,5,4,,,3,,,,,,,
EVENT,DFS,23,DISCOVER,6,4,5,4,,,4,,,,,,,
EVENT,DFS,24,EXPAND,6,4,5,4,,,3,,,,,,,
EVENT,DFS,25,DISCOVER,6,5,6,4,,,4,,,,,,,
EVENT,DFS,26,DISCOVER,7,4,6,4,,,5,,,,,,,
EVENT,DFS,27,EXPAND,7,4,6,4,,,4,,,,,,,
EVENT,DFS,28,DISCOVER,7,5,7,4,,,5,,,,,,,
EVENT,DFS,29,DISCOVER,7,3,7,4,,,6,,,,,,,
EVENT,DFS,30,EXPAND,7,3,7,4,,,5,,,,,,,
EVENT,DFS,31,EXPAND,7,5,7,4,,,4,,,,,,,
EVENT,DFS,32,DISCOVER,7,6,7,5,,,5,,,,,,,
EVENT,DFS,33,DISCOVER,8,5,7,5,,,6,,,,,,,
EVENT,DFS,34,EXPAND,8,5,7,5,,,5,,,,,,,
EVENT,DFS,35,DISCOVER,9,5,8,5,,,6,,,,,,,
EVENT,DFS,36,EXPAND,9,5,8,5,,,5,,,,,,,
EVENT,DFS,37,DISCOVER,10,5,9,5,,,6,,,,,,,
EVENT,DFS,38,DISCOVER,9,4,9,5,,,7,,,,,,,
EVENT,DFS,39,EXPAND,9,4,9,5,,,6,,,,,,,
EVENT,DFS,40,DISCOVER,9,3,9,4,,,7,,,,,,,
EVENT,DFS,41,EXPAND,9,3,9,4,,,6,,,,,,,
EVENT,DFS,42,DISCOVER,10,3,9,3,,,7,,,,,,,
EVENT,DFS,43,DISCOVER,9,2,9,3,,,8,,,,,,,
EVENT,DFS,44,EXPAND,9,2,9,3,,,7,,,,,,,
EVENT,DFS,45,DISCOVER,9,1,9,2,,,8,,,,,,,
EVENT,DFS,46,DISCOVER,8,2,9,2,,,9,,,,,,,
EVENT,DFS,47,EXPAND,8,2,9,2,,,8,,,,,,,
EVENT,DFS,48,DISCOVER,8,1,8,2,,,9,,,,,,,
EVENT,DFS,49,EXPAND,8,1,8,2,,,8,,,,,,,
EVENT,DFS,50,DISCOVER,7,1,8,1,,,9,,,,,,,
EVENT,DFS,51,EXPAND,7,1,8,1,,,8,,,,,,,
EVENT,DFS,52,DISCOVER,6,1,7,1,,,9,,,,,,,
EVENT,DFS,53,EXPAND,6,1,7,1,,,8,,,,,,,
EVENT,DFS,54,DISCOVER,6,2,6,1,,,9,,,,,,,
EVENT,DFS,55,DISCOVER,6,0,6,1,,,10,,,,,,,
EVENT,DFS,56,EXPAND,6,0,6,1,,,9,,,,,,,
EVENT,DFS,57,EXPAND,6,2,6,1,,,8,,,,,,,
EVENT,DFS,58,DISCOVER,5,2,6,2,,,9,,,,,,,
EVENT,DFS,59,EXPAND,5,2,6,2,,,8,,,,,,,
EVENT,DFS,60,EXPAND,9,1,9,2,,,7,,,,,,,
EVENT,DFS,61,DISCOVER,10,1,9,1,,,8,,,,,,,
EVENT,DFS,62,EXPAND,10,1,9,1,,,7,,,,,,,
EVENT,DFS,63,DISCOVER,11,1,10,1,,,8,,,,,,,
EVENT,DFS,64,DISCOVER,10,0,10,1,,,9,,,,,,,
EVENT,DFS,65,EXPAND,10,0,10,1,,,8,,,,,,,
EVENT,DFS,66,EXPAND,11,1,10,1,,,7,,,,,,,
EVENT,DFS,67,DISCOVER,12,1,11,1,,,8,,,,,,,
EVENT,DFS,68,EXPAND,12,1,11,1,,,7,,,,,,,
EVENT,DFS,69,DISCOVER,13,1,12,1,,,8,,,,,,,
EVENT,DFS,70,DISCOVER,12,0,12,1,,,9,,,,,,,
EVENT,DFS,71,EXPAND,12,0,12,1,,,8,,,,,,,
EVENT,DFS,72,EXPAND,13,1,12,1,,,7,,,,,,,
EVENT,DFS,73,EXPAND,10,3,9,3,,,6,,,,,,,
EVENT,DFS,74,EXPAND,10,5,9,5,,,5,,,,,,,
EVENT,DFS,75,DISCOVER,10,6,10,5,,,6,,,,,,,
EVENT,DFS,76,EXPAND,10,6,10,5,,,5,,,,,,,
EVENT,DFS,77,DISCOVER,11,6,10,6,,,6,,,,,,,
EVENT,DFS,78,EXPAND,11,6,10,6,,,5,,,,,,,
EVENT,DFS,79,DISCOVER,11,7,11,6,,,6,,,,,,,
EVENT,DFS,80,DISCOVER,12,6,11,6,,,7,,,,,,,
EVENT,DFS,81,EXPAND,12,6,11,6,,,6,,,,,,,
EVENT,DFS,82,DISCOVER,12,7,12,6,,,7,,,,,,,
EVENT,DFS,83,DISCOVER,13,6,12,6,,,8,,,,,,,
EVENT,DFS,84,EXPAND,13,6,12,6,,,7,,,,,,,
EVENT,DFS,85,DISCOVER,13,5,13,6,,,8,,,,,,,
EVENT,DFS,86,EXPAND,13,5,13,6,,,7,,,,,,,
EVENT,DFS,87,DISCOVER,14,5,13,5,,,8,,,,,,,
EVENT,DFS,88,EXPAND,14,5,13,5,,,7,,,,,,,
EVENT,DFS,89,DISCOVER,14,4,14,5,,,8,,,,,,,
EVENT,DFS,90,EXPAND,14,4,14,5,,,7,,,,,,,
EVENT,DFS,91,DISCOVER,15,4,14,4,,,8,,,,,,,
EVENT,DFS,92,DISCOVER,14,3,14,4,,,9,,,,,,,
EVENT,DFS,93,EXPAND,14,3,14,4,,,8,,,,,,,
EVENT,DFS,94,DISCOVER,15,3,14,3,,,9,,,,,,,
EVENT,DFS,95,DISCOVER,14,2,14,3,,,10,,,,,,,
EVENT,DFS,96,DISCOVER,13,3,14,3,,,11,,,,,,,
EVENT,DFS,97,EXPAND,13,3,14,3,,,10,,,,,,,
EVENT,DFS,98,EXPAND,14,2,14,3,,,9,,,,,,,
EVENT,DFS,99,DISCOVER,15,2,14,2,,,10,,,,,,,
EVENT,DFS,100,EXPAND,15,2,14,2,,,9,,,,,,,
EVENT,DFS,101,DISCOVER,15,1,15,2,,,10,,,,,,,
EVENT,DFS,102,EXPAND,15,1,15,2,,,9,,,,,,,
EVENT,DFS,103,DISCOVER,15,0,15,1,,,10,,,,,,,
EVENT,DFS,104,EXPAND,15,0,15,1,,,9,,,,,,,
EVENT,DFS,105,DISCOVER,14,0,15,0,,,10,,,,,,,
EVENT,DFS,106,EXPAND,14,0,15,0,,,9,,,,,,,
EVENT,DFS,107,EXPAND,15,3,14,3,,,8,,,,,,,
EVENT,DFS,108,DISCOVER,16,3,15,3,,,9,,,,,,,
EVENT,DFS,109,EXPAND,16,3,15,3,,,8,,,,,,,
EVENT,DFS,110,DISCOVER,16,4,16,3,,,9,,,,,,,
EVENT,DFS,111,DISCOVER,17,3,16,3,,,10,,,,,,,
EVENT,DFS,112,EXPAND,17,3,16,3,,,9,,,,,,,
EVENT,DFS,113,DISCOVER,17,2,17,3,,,10,,,,,,,
EVENT,DFS,114,EXPAND,17,2,17,3,,,9,,,,,,,
EVENT,DFS,115,EXPAND,16,4,16,3,,,8,,,,,,,
EVENT,DFS,116,DISCOVER,16,5,16,4,,,9,,,,,,,
EVENT,DFS,117,EXPAND,16,5,16,4,,,8,,,,,,,
EVENT,DFS,118,DISCOVER,16,6,16,5,,,9,,,,,,,
EVENT,DFS,119,DISCOVER,17,5,16,5,,,10,,,,,,,
EVENT,DFS,120,EXPAND,17,5,16,5,,,9,,,,,,,
EVENT,DFS,121,DISCOVER,18,5,17,5,,,10,,,,,,,
EVENT,DFS,122,EXPAND,18,5,17,5,,,9,,,,,,,
EVENT,DFS,123,DISCOVER,19,5,18,5,,,10,,,,,,,
EVENT,DFS,124,EXPAND,19,5,18,5,,,9,,,,,,,
EVENT,DFS,125,DISCOVER,19,6,19,5,,,10,,,,,,,
EVENT,DFS,126,EXPAND,19,6,19,5,,,9,,,,,,,
EVENT,DFS,127,EXPAND,16,6,16,5,,,8,,,,,,,
EVENT,DFS,128,DISCOVER,16,7,16,6,,,9,,,,,,,
EVENT,DFS,129,EXPAND,16,7,16,6,,,8,,,,,,,
EVENT,DFS,130,DISCOVER,17,7,16,7,,,9,,,,,,,
EVENT,DFS,131,DISCOVER,15,7,16,7,,,10,,,,,,,
EVENT,DFS,132,EXPAND,15,7,16,7,,,9,,,,,,,
EVENT,DFS,133,DISCOVER,15,8,15,7,,,10,,,,,,,
EVENT,DFS,134,DISCOVER,14,7,15,7,,,11,,,,,,,
EVENT,DFS,135,EXPAND,14,7,15,7,,,10,,,,,,,
EVENT,DFS,136,EXPAND,15,8,15,7,,,9,,,,,,,
EVENT,DFS,137,DISCOVER,15,9,15,8,,,10,,,,,,,
EVENT,DFS,138,EXPAND,15,9,15,8,,,9,,,,,,,
EVENT,DFS,139,DISCOVER,15,10,15,9,,,10,,,,,,,
EVENT,DFS,140,DISCOVER,16,9,15,9,,,11,,,,,,,
EVENT,DFS,141,DISCOVER,14,9,15,9,,,12,,,,,,,
EVENT,DFS,142,EXPAND,14,9,15,9,,,11,,,,,,,
EVENT,DFS,143,DISCOVER,14,10,14,9,,,12,,,,,,,
EVENT,DFS,144,EXPAND,14,10,14,9,,,11,,,,,,,
EVENT,DFS,145,DISCOVER,14,11,14,10,,,12,,,,,,,
EVENT,DFS,146,EXPAND,14,11,14,10,,,11,,,,,,,
EVENT,DFS,147,DISCOVER,14,12,14,11,,,12,,,,,,,
EVENT,DFS,148,DISCOVER,15,11,14,11,,,13,,,,,,,
EVENT,DFS,149,DISCOVER,13,11,14,11,,,14,,,,,,,
EVENT,DFS,150,EXPAND,13,11,14,11,,,13,,,,,,,
EVENT,DFS,151,DISCOVER,13,12,13,11,,,14,,,,,,,
EVENT,DFS,152,DISCOVER,12,11,13,11,,,15,,,,,,,
EVENT,DFS,153,EXPAND,12,11,13,11,,,14,,,,,,,
EVENT,DFS,154,DISCOVER,12,12,12,11,,,15,,,,,,,
EVENT,DFS,155,EXPAND,12,12,12,11,,,14,,,,,,,
EVENT,DFS,156,DISCOVER,12,13,12,12,,,15,,,,,,,
EVENT,DFS,157,DISCOVER,11,12,12,12,,,16,,,,,,,
EVENT,DFS,158,EXPAND,11,12,12,12,,,15,,,,,,,
EVENT,DFS,159,DISCOVER,11,13,11,12,,,16,,,,,,,
EVENT,DFS,160,DISCOVER,10,12,11,12,,,17,,,,,,,
EVENT,DFS,161,EXPAND,10,12,11,12,,,16,,,,,,,
EVENT,DFS,162,DISCOVER,10,13,10,12,,,17,,,,,,,
EVENT,DFS,163,DISCOVER,10,11,10,12,,,18,,,,,,,
EVENT,DFS,164,DISCOVER,9,12,10,12,,,19,,,,,,,
EVENT,DFS,165,EXPAND,9,12,10,12,,,18,,,,,,,
EVENT,DFS,166,DISCOVER,9,13,9,12,,,19,,,,,,,
EVENT,DFS,167,EXPAND,9,13,9,12,,,18,,,,,,,
EVENT,DFS,168,DISCOVER,9,14,9,13,,,19,,,,,,,
EVENT,DFS,169,EXPAND,9,14,9,13,,,18,,,,,,,
EVENT,DFS,170,DISCOVER,9,15,9,14,,,19,,,,,,,
EVENT,DFS,171,DISCOVER,10,14,9,14,,,20,,,,,,,
EVENT,DFS,172,EXPAND,10,14,9,14,,,19,,,,,,,
EVENT,DFS,173,DISCOVER,10,15,10,14,,,20,,,,,,,
EVENT,DFS,174,DISCOVER,11,14,10,14,,,21,,,,,,,
EVENT,DFS,175,EXPAND,11,14,10,14,,,20,,,,,,,
EVENT,DFS,176,DISCOVER,11,15,11,14,,,21,,,,,,,
EVENT,DFS,177,DISCOVER,12,14,11,14,,,22,,,,,,,
EVENT,DFS,178,EXPAND,12,14,11,14,,,21,,,,,,,
EVENT,DFS,179,DISCOVER,12,15,12,14,,,22,,,,,,,
EVENT,DFS,180,DISCOVER,13,14,12,14,,,23,,,,,,,
EVENT,DFS,181,EXPAND,13,14,12,14,,,22,,,,,,,
EVENT,DFS,182,DISCOVER,13,13,13,14,,,23,,,,,,,
EVENT,DFS,183,EXPAND,13,13,13,14,,,22,,,,,,,
EVENT,DFS,184,EXPAND,12,15,12,14,,,21,,,,,,,
EVENT,DFS,185,DISCOVER,12,16,12,15,,,22,,,,,,,
EVENT,DFS,186,EXPAND,12,16,12,15,,,21,,,,,,,
EVENT,DFS,187,DISCOVER,12,17,12,16,,,22,,,,,,,
EVENT,DFS,188,EXPAND,12,17,12,16,,,21,,,,,,,
EVENT,DFS,189,DISCOVER,13,17,12,17,,,22,,,,,,,
EVENT,DFS,190,DISCOVER,11,17,12,17,,,23,,,,,,,
EVENT,DFS,191,EXPAND,11,17,12,17,,,22,,,,,,,
EVENT,DFS,192,DISCOVER,11,18,11,17,,,23,,,,,,,
EVENT,DFS,193,DISCOVER,10,17,11,17,,,24,,,,,,,
EVENT,DFS,194,EXPAND,10,17,11,17,,,23,,,,,,,
EVENT,DFS,195,DISCOVER,10,18,10,17,,,24,,,,,,,
EVENT,DFS,196,DISCOVER,10,16,10,17,,,25,,,,,,,
EVENT,DFS,197,EXPAND,10,16,10,17,,,24,,,,,,,
EVENT,DFS,198,EXPAND,10,18,10,17,,,23,,,,,,,
EVENT,DFS,199,DISCOVER,10,19,10,18,,,24,,,,,,,
EVENT,DFS,200,DISCOVER,9,18,10,18,,,25,,,,,,,
EVENT,DFS,201,EXPAND,9,18,10,18,,,24,,,,,,,
EVENT,DFS,202,DISCOVER,9,19,9,18,,,25,,,,,,,
EVENT,DFS,203,DISCOVER,8,18,9,18,,,26,,,,,,,
EVENT,DFS,204,EXPAND,8,18,9,18,,,25,,,,,,,
EVENT,DFS,205,DISCOVER,8,19,8,18,,,26,,,,,,,
EVENT,DFS,206,DISCOVER,8,17,8,18,,,27,,,,,,,
EVENT,DFS,207,DISCOVER,7,18,8,18,,,28,,,,,,,
EVENT,DFS,208,EXPAND,7,18,8,18,,,27,,,,,,,
EVENT,DFS,209,DISCOVER,6,18,7,18,,,28,,,,,,,
EVENT,DFS,210,EXPAND,6,18,7,18,,,27,,,,,,,
EVENT,DFS,211,DISCOVER,6,19,6,18,,,28,,,,,,,
EVENT,DFS,212,DISCOVER,6,17,6,18,,,29,,,,,,,
EVENT,DFS,213,EXPAND,6,17,6,18,,,28,,,,,,,
EVENT,DFS,214,DISCOVER,6,16,6,17,,,29,,,,,,,
EVENT,DFS,215,DISCOVER,5,17,6,17,,,30,,,,,,,
EVENT,DFS,216,EXPAND,5,17,6,17,,,29,,,,,,,
EVENT,DFS,217,DISCOVER,5,16,5,17,,,30,,,,,,,
EVENT,DFS,218,DISCOVER,4,17,5,17,,,31,,,,,,,
EVENT,DFS,219,EXPAND,4,17,5,17,,,30,,,,,,,
EVENT,DFS,220,DISCOVER,4,16,4,17,,,31,,,,,,,
EVENT,DFS,221,DISCOVER,3,17,4,17,,,32,,,,,,,
EVENT,DFS,222,EXPAND,3,17,4,17,,,31,,,,,,,
EVENT,DFS,223,DISCOVER,3,16,3,17,,,32,,,,,,,
EVENT,DFS,224,DISCOVER,2,17,3,17,,,33,,,,,,,
EVENT,DFS,225,EXPAND,2,17,3,17,,,32,,,,,,,
EVENT,DFS,226,DISCOVER,2,16,2,17,,,33,,,,,,,
EVENT,DFS,227,DISCOVER,1,17,2,17,,,34,,,,,,,
EVENT,DFS,228,EXPAND,1,17,2,17,,,33,,,,,,,
EVENT,DFS,229,DISCOVER,1,18,1,17,,,34,,,,,,,
EVENT,DFS,230,DISCOVER,0,17,1,17,,,35,,,,,,,
EVENT,DFS,231,EXPAND,0,17,1,17,,,34,,,,,,,
EVENT,DFS,232,EXPAND,1,18,1,17,,,33,,,,,,,
EVENT,DFS,233,DISCOVER,1,19,1,18,,,34,,,,,,,
EVENT,DFS,234,EXPAND,1,19,1,18,,,33,,,,,,,
EVENT,DFS,235,DISCOVER,0,19,1,19,,,34,,,,,,,
EVENT,DFS,236,EXPAND,0,19,1,19,,,33,,,,,,,
EVENT,DFS,237,EXPAND,2,16,2,17,,,32,,,,,,,
EVENT,DFS,238,EXPAND,3,16,3,17,,,31,,,,,,,
EVENT,DFS,239,DISCOVER,3,15,3,16,,,32,,,,,,,
EVENT,DFS,240,EXPAND,3,15,3,16,,,31,,,,,,,
EVENT,DFS,241,DISCOVER,4,15,3,15,,,32,,,,,,,
EVENT,DFS,242,EXPAND,4,15,3,15,,,31,,,,,,,
EVENT,DFS,243,DISCOVER,4,14,4,15,,,32,,,,,,,
EVENT,DFS,244,EXPAND,4,14,4,15,,,31,,,,,,,
EVENT,DFS,245,DISCOVER,5,14,4,14,,,32,,,,,,,
EVENT,DFS,246,DISCOVER,4,13,4,14,,,33,,,,,,,
EVENT,DFS,247,EXPAND,4,13,4,14,,,32,,,,,,,
EVENT,DFS,248,DISCOVER,5,13,4,13,,,33,,,,,,,
EVENT,DFS,249,DISCOVER,4,12,4,13,,,34,,,,,,,
EVENT,DFS,250,EXPAND,4,12,4,13,,,33,,,,,,,
EVENT,DFS,251,DISCOVER,5,12,4,12,,,34,,,,,,,
EVENT,DFS,252,DISCOVER,4,11,4,12,,,35,,,,,,,
EVENT,DFS,253,EXPAND,4,11,4,12,,,34,,,,,,,
EVENT,DFS,254,EXPAND,5,12,4,12,,,33,,,,,,,
EVENT,DFS,255,EXPAND,5,13,4,13,,,32,,,,,,,
EVENT,DFS,256,EXPAND,5,14,4,14,,,31,,,,,,,
EVENT,DFS,257,EXPAND,4,16,4,17,,,30,,,,,,,
EVENT,DFS,258,EXPAND,5,16,5,17,,,29,,,,,,,
EVENT,DFS,259,EXPAND,6,16,6,17,,,28,,,,,,,
EVENT,DFS,260,DISCOVER,7,16,6,16,,,29,,,,,,,
EVENT,DFS,261,DISCOVER,6,15,6,16,,,30,,,,,,,
EVENT,DFS,262,EXPAND,6,15,6,16,,,29,,,,,,,
EVENT,DFS,263,DISCOVER,7,15,6,15,,,30,,,,,,,
EVENT,DFS,264,EXPAND,7,15,6,15,,,29,,,,,,,
EVENT,DFS,265,DISCOVER,7,14,7,15,,,30,,,,,,,
EVENT,DFS,266,EXPAND,7,14,7,15,,,29,,,,,,,
EVENT,DFS,267,DISCOVER,7,13,7,14,,,30,,,,,,,
EVENT,DFS,268,EXPAND,7,13,7,14,,,29,,,,,,,
EVENT,DFS,269,EXPAND,7,16,6,16,,,28,,,,,,,
EVENT,DFS,270,DISCOVER,8,16,7,16,,,29,,,,,,,
EVENT,DFS,271,EXPAND,8,16,7,16,,,28,,,,,,,
EVENT,DFS,272,EXPAND,6,19,6,18,,,27,,,,,,,
EVENT,DFS,273,DISCOVER,6,20,6,19,,,28,,,,,,,
EVENT,DFS,274,EXPAND,6,20,6,19,,,27,,,,,,,
EVENT,DFS,275,DISCOVER,6,21,6,20,,,28,,,,,,,
EVENT,DFS,276,DISCOVER,5,20,6,20,,,29,,,,,,,
EVENT,DFS,277,EXPAND,5,20,6,20,,,28,,,,,,,
EVENT,DFS,278,DISCOVER,5,21,5,20,,,29,,,,,,,
EVENT,DFS,279,DISCOVER,4,20,5,20,,,30,,,,,,,
EVENT,DFS,280,EXPAND,4,20,5,20,,,29,,,,,,,
EVENT,DFS,281,DISCOVER,4,21,4,20,,,30,,,,,,,
EVENT,DFS,282,DISCOVER,4,19,4,20,,,31,,,,,,,
EVENT,DFS,283,DISCOVER,3,20,4,20,,,32,,,,,,,
EVENT,DFS,284,EXPAND,3,20,4,20,,,31,,,,,,,
EVENT,DFS,285,DISCOVER,3,19,3,20,,,32,,,,,,,
EVENT,DFS,286,EXPAND,3,19,3,20,,,31,,,,,,,
EVENT,DFS,287,EXPAND,4,19,4,20,,,30,,,,,,,
EVENT,DFS,288,EXPAND,4,21,4,20,,,29,,,,,,,
EVENT,DFS,289,DISCOVER,4,22,4,21,,,30,,,,,,,
EVENT,DFS,290,EXPAND,4,22,4,21,,,29,,,,,,,
EVENT,DFS,291,DISCOVER,4,23,4,22,,,30,,,,,,,
EVENT,DFS,292,EXPAND,4,23,4,22,,,29,,,,,,,
EVENT,DFS,293,DISCOVER,4,24,4,23,,,30,,,,,,,
EVENT,DFS,294,DISCOVER,5,23,4,23,,,31,,,,,,,
EVENT,DFS,295,EXPAND,5,23,4,23,,,30,,,,,,,
EVENT,DFS,296,DISCOVER,5,24,5,23,,,31,,,,,,,
EVENT,DFS,297,DISCOVER,6,23,5,23,,,32,,,,,,,
EVENT,DFS,298,EXPAND,6,23,5,23,,,31,,,,,,,
EVENT,DFS,299,DISCOVER,7,23,6,23,,,32,,,,,,,
EVENT,DFS,300,DISCOVER,6,22,6,23,,,33,,,,,,,
EVENT,DFS,301,EXPAND,6,22,6,23,,,32,,,,,,,
EVENT,DFS,302,DISCOVER,7,22,6,22,,,33,,,,,,,
EVENT,DFS,303,EXPAND,7,22,6,22,,,32,,,,,,,
EVENT,DFS,304,DISCOVER,8,22,7,22,,,33,,,,,,,
EVENT,DFS,305,EXPAND,8,22,7,22,,,32,,,,,,,
EVENT,DFS,306,DISCOVER,8,23,8,22,,,33,,,,,,,
EVENT,DFS,307,EXPAND,8,23,8,22,,,32,,,,,,,
EVENT,DFS,308,DISCOVER,8,24,8,23,,,33,,,,,,,
EVENT,DFS,309,DISCOVER,9,23,8,23,,,34,,,,,,,
EVENT,DFS,310,EXPAND,9,23,8,23,,,33,,,,,,,
EVENT,DFS,311,DISCOVER,9,24,9,23,,,34,,,,,,,
EVENT,DFS,312,DISCOVER,10,23,9,23,,,35,,,,,,,
EVENT,DFS,313,EXPAND,10,23,9,23,,,34,,,,,,,
EVENT,DFS,314,DISCOVER,10,22,10,23,,,35,,,,,,,
EVENT,DFS,315,EXPAND,10,22,10,23,,,34,,,,,,,
EVENT,DFS,316,DISCOVER,11,22,10,22,,,35,,,,,,,
EVENT,DFS,317,DISCOVER,10,21,10,22,,,36,,,,,,,
EVENT,DFS,318,EXPAND,10,21,10,22,,,35,,,,,,,
EVENT,DFS,319,DISCOVER,10,20,10,21,,,36,,,,,,,
EVENT,DFS,320,EXPAND,10,20,10,21,,,35,,,,,,,
EVENT,DFS,321,DISCOVER,11,20,10,20,,,36,,,,,,,
EVENT,DFS,322,DISCOVER,9,20,10,20,,,37,,,,,,,
EVENT,DFS,323,EXPAND,9,20,10,20,,,36,,,,,,,
EVENT,DFS,324,DISCOVER,8,20,9,20,,,37,,,,,,,
EVENT,DFS,325,EXPAND,8,20,9,20,,,36,,,,,,,
EVENT,DFS,326,EXPAND,11,20,10,20,,,35,,,,,,,
EVENT,DFS,327,DISCOVER,12,20,11,20,,,36,,,,,,,
EVENT,DFS,328,DISCOVER,11,19,11,20,,,37,,,,,,,
EVENT,DFS,329,EXPAND,11,19,11,20,,,36,,,,,,,
EVENT,DFS,330,DISCOVER,12,19,11,19,,,37,,,,,,,
EVENT,DFS,331,EXPAND,12,19,11,19,,,36,,,,,,,
EVENT,DFS,332,EXPAND,12,20,11,20,,,35,,,,,,,
EVENT,DFS,333,DISCOVER,12,21,12,20,,,36,,,,,,,
EVENT,DFS,334,DISCOVER,13,20,12,20,,,37,,,,,,,
EVENT,DFS,335,EXPAND,13,20,12,20,,,36,,,,,,,
EVENT,DFS,336,DISCOVER,14,20,13,20,,,37,,,,,,,
EVENT,DFS,337,EXPAND,14,20,13,20,,,36,,,,,,,
EVENT,DFS,338,DISCOVER,14,21,14,20,,,37,,,,,,,
EVENT,DFS,339,DISCOVER,15,20,14,20,,,38,,,,,,,
EVENT,DFS,340,EXPAND,15,20,14,20,,,37,,,,,,,
EVENT,DFS,341,DISCOVER,15,21,15,20,,,38,,,,,,,
EVENT,DFS,342,EXPAND,15,21,15,20,,,37,,,,,,,
EVENT,DFS,343,DISCOVER,16,21,15,21,,,38,,,,,,,
EVENT,DFS,344,EXPAND,16,21,15,21,,,37,,,,,,,
EVENT,DFS,345,DISCOVER,17,21,16,21,,,38,,,,,,,
EVENT,DFS,346,EXPAND,17,21,16,21,,,37,,,,,,,
EVENT,DFS,347,DISCOVER,17,22,17,21,,,38,,,,,,,
EVENT,DFS,348,DISCOVER,18,21,17,21,,,39,,,,,,,
EVENT,DFS,349,DISCOVER,17,20,17,21,,,40,,,,,,,
EVENT,DFS,350,EXPAND,17,20,17,21,,,39,,,,,,,
EVENT,DFS,351,DISCOVER,18,20,17,20,,,40,,,,,,,
EVENT,DFS,352,EXPAND,18,20,17,20,,,39,,,,,,,
EVENT,DFS,353,DISCOVER,18,19,18,20,,,40,,,,,,,
EVENT,DFS,354,EXPAND,18,19,18,20,,,39,,,,,,,
EVENT,DFS,355,DISCOVER,18,18,18,19,,,40,,,,,,,
EVENT,DFS,356,EXPAND,18,18,18,19,,,39,,,,,,,
EVENT,DFS,357,DISCOVER,19,18,18,18,,,40,,,,,,,
EVENT,DFS,358,EXPAND,19,18,18,18,,,39,,,,,,,
EVENT,DFS,359,EXPAND,18,21,17,21,,,38,,,,,,,
EVENT,DFS,360,DISCOVER,18,22,18,21,,,39,,,,,,,
EVENT,DFS,361,EXPAND,18,22,18,21,,,38,,,,,,,
EVENT,DFS,362,DISCOVER,18,23,18,22,,,39,,,,,,,
EVENT,DFS,363,DISCOVER,19,22,18,22,,,40,,,,,,,
EVENT,DFS,364,EXPAND,19,22,18,22,,,39,,,,,,,
EVENT,DFS,365,EXPAND,18,23,18,22,,,38,,,,,,,
EVENT,DFS,366,DISCOVER,17,23,18,23,,,39,,,,,,,
EVENT,DFS,367,EXPAND,17,23,18,23,,,38,,,,,,,
EVENT,DFS,368,DISCOVER,16,23,17,23,,,39,,,,,,,
EVENT,DFS,369,EXPAND,16,23,17,23,,,38,,,,,,,
EVENT,DFS,370,DISCOVER,16,24,16,23,,,39,,,,,,,
EVENT,DFS,371,DISCOVER,15,23,16,23,,,40,,,,,,,
EVENT,DFS,372,EXPAND,15,23,16,23,,,39,,,,,,,
EVENT,DFS,373,DISCOVER,15,24,15,23,,,40,,,,,,,
EVENT,DFS,374,DISCOVER,14,23,15,23,,,41,,,,,,,
EVENT,DFS,375,EXPAND,14,23,15,23,,,40,,,,,,,
EVENT,DFS,376,DISCOVER,14,24,14,23,,,41,,,,,,,
EVENT,DFS,377,DISCOVER,14,22,14,23,,,42,,,,,,,
EVENT,DFS,378,EXPAND,14,22,14,23,,,41,,,,,,,
EVENT,DFS,379,DISCOVER,13,22,14,22,,,42,,,,,,,
EVENT,DFS,380,EXPAND,13,22,14,22,,,41,,,,,,,
EVENT,DFS,381,EXPAND,14,24,14,23,,,40,,,,,,,
EVENT,DFS,382,DISCOVER,14,25,14,24,,,41,,,,,,,
EVENT,DFS,383,EXPAND,14,25,14,24,,,40,,,,,,,
EVENT,DFS,384,DISCOVER,15,25,14,25,,,41,,,,,,,
EVENT,DFS,385,EXPAND,15,25,14,25,,,40,,,,,,,
PATH,DFS,0,,1,2,,,,,,,,,,,,
PATH,DFS,1,,2,2,,,,,,,,,,,,
PATH,DFS,2,,3,2,,,,,,,,,,,,
PATH,DFS,3,,3,3,,,,,,,,,,,,
PATH,DFS,4,,3,4,,,,,,,,,,,,
PATH,DFS,5,,4,4,,,,,,,,,,,,
PATH,DFS,6,,5,4,,,,,,,,,,,,
PATH,DFS,7,,6,4,,,,,,,,,,,,
PATH,DFS,8,,7,4,,,,,,,,,,,,
PATH,DFS,9,,7,5,,,,,,,,,,,,
PATH,DFS,10,,8,5,,,,,,,,,,,,
PATH,DFS,11,,9,5,,,,,,,,,,,,
PATH,DFS,12,,10,5,,,,,,,,,,,,
PATH,DFS,13,,10,6,,,,,,,,,,,,
PATH,DFS,14,,11,6,,,,,,,,,,,,
PATH,DFS,15,,12,6,,,,,,,,,,,,
PATH,DFS,16,,13,6,,,,,,,,,,,,
PATH,DFS,17,,13,5,,,,,,,,,,,,
PATH,DFS,18,,14,5,,,,,,,,,,,,
PATH,DFS,19,,14,4,,,,,,,,,,,,
PATH,DFS,20,,14,3,,,,,,,,,,,,
PATH,DFS,21,,15,3,,,,,,,,,,,,
PATH,DFS,22,,16,3,,,,,,,,,,,,
PATH,DFS,23,,16,4,,,,,,,,,,,,
PATH,DFS,24,,16,5,,,,,,,,,,,,
PATH,DFS,25,,16,6,,,,,,,,,,,,
PATH,DFS,26,,16,7,,,,,,,,,,,,
PATH,DFS,27,,15,7,,,,,,,,,,,,
PATH,DFS,28,,15,8,,,,,,,,,,,,
PATH,DFS,29,,15,9,,,,,,,,,,,,
PATH,DFS,30,,14,9,,,,,,,,,,,,
PATH,DFS,31,,14,10,,,,,,,,,,,,
PATH,DFS,32,,14,11,,,,,,,,,,,,
PATH,DFS,33,,13,11,,,,,,,,,,,,
PATH,DFS,34,,12,11,,,,,,,,,,,,
PATH,DFS,35,,12,12,,,,,,,,,,,,
PATH,DFS,36,,11,12,,,,,,,,,,,,
PATH,DFS,37,,10,12,,,,,,,,,,,,
PATH,DFS,38,,9,12,,,,,,,,,,,,
PATH,DFS,39,,9,13,,,,,,,,,,,,
PATH,DFS,40,,9,14,,,,,,,,,,,,
PATH,DFS,41,,10,14,,,,,,,,,,,,
PATH,DFS,42,,11,14,,,,,,,,,,,,
PATH,DFS,43,,12,14,,,,,,,,,,,,
PATH,DFS,44,,12,15,,,,,,,,,,,,
PATH,DFS,45,,12,16,,,,,,,,,,,,
PATH,DFS,46,,12,17,,,,,,,,,,,,
PATH,DFS,47,,11,17,,,,,,,,,,,,
PATH,DFS,48,,10,17,,,,,,,,,,,,
PATH,DFS,49,,10,18,,,,,,,,,,,,
PATH,DFS,50,,9,18,,,,,,,,,,,,
PATH,DFS,51,,8,18,,,,,,,,,,,,
PATH,DFS,52,,7,18,,,,,,,,,,,,
PATH,DFS,53,,6,18,,,,,,,,,,,,
PATH,DFS,54,,6,19,,,,,,,,,,,,
PATH,DFS,55,,6,20,,,,,,,,,,,,
PATH,DFS,56,,5,20,,,,,,,,,,,,
PATH,DFS,57,,4,20,,,,,,,,,,,,
PATH,DFS,58,,4,21,,,,,,,,,,,,
PATH,DFS,59,,4,22,,,,,,,,,,,,
PATH,DFS,60,,4,23,,,,,,,,,,,,
PATH,DFS,61,,5,23,,,,,,,,,,,,
PATH,DFS,62,,6,23,,,,,,,,,,,,
PATH,DFS,63,,6,22,,,,,,,,,,,,
PATH,DFS,64,,7,22,,,,,,,,,,,,
PATH,DFS,65,,8,22,,,,,,,,,,,,
PATH,DFS,66,,8,23,,,,,,,,,,,,
PATH,DFS,67,,9,23,,,,,,,,,,,,
PATH,DFS,68,,10,23,,,,,,,,,,,,
PATH,DFS,69,,10,22,,,,,,,,,,,,
PATH,DFS,70,,10,21,,,,,,,,,,,,
PATH,DFS,71,,10,20,,,,,,,,,,,,
PATH,DFS,72,,11,20,,,,,,,,,,,,
PATH,DFS,73,,12,20,,,,,,,,,,,,
PATH,DFS,74,,13,20,,,,,,,,,,,,
PATH,DFS,75,,14,20,,,,,,,,,,,,
PATH,DFS,76,,15,20,,,,,,,,,,,,
PATH,DFS,77,,15,21,,,,,,,,,,,,
PATH,DFS,78,,16,21,,,,,,,,,,,,
PATH,DFS,79,,17,21,,,,,,,,,,,,
PATH,DFS,80,,18,21,,,,,,,,,,,,
PATH,DFS,81,,18,22,,,,,,,,,,,,
PATH,DFS,82,,18,23,,,,,,,,,,,,
PATH,DFS,83,,17,23,,,,,,,,,,,,
PATH,DFS,84,,16,23,,,,,,,,,,,,
PATH,DFS,85,,15,23,,,,,,,,,,,,
PATH,DFS,86,,14,23,,,,,,,,,,,,
PATH,DFS,87,,14,24,,,,,,,,,,,,
PATH,DFS,88,,14,25,,,,,,,,,,,,
PATH,DFS,89,,15,25,,,,,,,,,,,,
